{
  "mean_corr": 0.8003798550908147,
  "portfolio": {
    "regime": {
      "cagr": 0.4056145055446192,
      "sharpe": 1.120144258222242,
      "maxdd": -0.4712996420670792,
      "ci": [
        0.4142185427452385,
        1.8201150229479757
      ]
    },
    "ai": {
      "cagr": 0.20878747064116054,
      "sharpe": 1.1173767788100077,
      "maxdd": -0.2352827718143694,
      "ci": [
        0.43092381111569067,
        1.838894643785097
      ]
    },
    "combo": {
      "cagr": 0.31058175798514287,
      "sharpe": 1.1403492143821252,
      "maxdd": -0.35348968342145537,
      "ci": [
        0.43771756325741734,
        1.843052375759254
      ]
    }
  }
}