{
  "BTC": {
    "k": 3.0,
    "full_cagr": 0.40119869153574217,
    "oos_cagr": 0.26788977078677023,
    "sharpe": 1.1801060848581708,
    "maxdd": -0.5232315413770439
  },
  "ETH": {
    "k": 3.0,
    "full_cagr": 0.3748873672717581,
    "oos_cagr": 0.25726012531564657,
    "sharpe": 1.0083370793596842,
    "maxdd": -0.6327151444240673
  },
  "SOL": {
    "k": 3.0,
    "full_cagr": 1.093312711963271,
    "oos_cagr": 0.1121725562724265,
    "sharpe": 1.6032084457684088,
    "maxdd": -0.6446311432142
  },
  "BNB": {
    "k": 3.0,
    "full_cagr": 0.7638145537527434,
    "oos_cagr": 0.2238619054371387,
    "sharpe": 1.4015947379635727,
    "maxdd": -0.4811340697899187
  },
  "ADA": {
    "k": 3.0,
    "full_cagr": 0.501994848107225,
    "oos_cagr": 0.11518411537131179,
    "sharpe": 1.0869843852287484,
    "maxdd": -0.6266517594125363
  },
  "XRP": {
    "k": 2.0,
    "full_cagr": 0.553010772885308,
    "oos_cagr": 0.6819908737101232,
    "sharpe": 1.1126401451426668,
    "maxdd": -0.43683655849554837
  },
  "DOGE": {
    "k": 3.0,
    "full_cagr": 1.3165300934955315,
    "oos_cagr": 0.06391455135666213,
    "sharpe": 0.8446197114321689,
    "maxdd": -0.467544778052122
  }
}