{
  "bh": {
    "cagr": 0.3832179105726894,
    "sharpe": 0.9732478043631837,
    "maxdd": -0.5764534538218022,
    "ci": [
      0.34482774277933137,
      1.6847915059128136
    ]
  },
  "regimeLong": {
    "cagr": 0.4056145055446192,
    "sharpe": 1.120144258222242,
    "maxdd": -0.4712996420670792,
    "ci": [
      0.4142185427452385,
      1.8201150229479757
    ]
  },
  "aiStandalone": {
    "cagr": 0.20878747064116054,
    "sharpe": 1.1173767788100077,
    "maxdd": -0.2352827718143694,
    "ci": [
      0.43092381111569067,
      1.838894643785097
    ]
  },
  "ovlGate": {
    "cagr": 0.18478624427759605,
    "sharpe": 0.9889501429881831,
    "maxdd": -0.24165572447560835,
    "ci": [
      0.30315764749987983,
      1.7249033066755293
    ]
  },
  "ovlMult": {
    "cagr": 0.20878747064116054,
    "sharpe": 1.1173767788100077,
    "maxdd": -0.2352827718143694,
    "ci": [
      0.43092381111569067,
      1.838894643785097
    ]
  }
}