{
  "A_current": {
    "cagr": 0.20878747064116054,
    "ann_vol": 0.18491906104736502,
    "sharpe": 1.1173767788100077,
    "sortino": 1.5760098404927274,
    "calmar": 0.8873895399612479,
    "max_dd": -0.2352827718143694,
    "ulcer": 10.094608020480466,
    "win_rate": 0.5306367641169403,
    "sharpe_ci": [
      0.43092381111569067,
      1.838894643785097
    ]
  },
  "B_tighter": {
    "cagr": 0.16574947421895936,
    "ann_vol": 0.14729606128698278,
    "sharpe": 1.1146069488376824,
    "sortino": 1.567723448619005,
    "calmar": 0.8649072888080608,
    "max_dd": -0.19163842918630125,
    "ulcer": 8.098374658044326,
    "win_rate": 0.5314377252703244,
    "sharpe_ci": [
      0.42203210745487046,
      1.8307388682539403
    ]
  },
  "C_breaker": {
    "cagr": 0.04682375403494632,
    "ann_vol": 0.059364757274531735,
    "sharpe": 0.8004079725552508,
    "sortino": 0.7175218183491255,
    "calmar": 0.34038141443883796,
    "max_dd": -0.1375626049152573,
    "ulcer": 5.116787555696112,
    "win_rate": 0.5306691449814126,
    "sharpe_ci": [
      0.06379985452359833,
      1.5134456490168464
    ]
  }
}