{
  "BTC": {
    "buyhold": {
      "cagr": 0.3559611991002096,
      "sharpe": 0.7926642872682893,
      "maxdd": -0.8318705353076483,
      "oos_cagr": 0.047733469964786,
      "oos_sharpe": 0.3286810984875872
    },
    "baseline": {
      "cagr": 0.1852667216142514,
      "sharpe": 0.8128874963657786,
      "maxdd": -0.3357540768083125,
      "oos_cagr": 0.16339353076057161,
      "oos_sharpe": 0.8300747402511506
    },
    "blendAI": {
      "cagr": 0.17474346278294228,
      "sharpe": 0.9092860636518949,
      "maxdd": -0.27635655746698373,
      "oos_cagr": 0.1723897558894374,
      "oos_sharpe": 0.9349656274464326
    },
    "pureAI": {
      "cagr": 0.43532024543086467,
      "sharpe": 1.1343704521088431,
      "maxdd": -0.4836762628937953,
      "oos_cagr": 0.23012871682781566,
      "oos_sharpe": 0.8474501621685588
    },
    "pureAI_lf": {
      "cagr": 0.4525663569178042,
      "sharpe": 1.1467592067737924,
      "maxdd": -0.509540431069795,
      "oos_cagr": 0.3811596542591855,
      "oos_sharpe": 1.1835415977302266
    }
  },
  "ETH": {
    "buyhold": {
      "cagr": 0.21321044215199492,
      "sharpe": 0.663575025265207,
      "maxdd": -0.9396550481981527,
      "oos_cagr": -0.19720705454294818,
      "oos_sharpe": 0.04362096348359402
    },
    "baseline": {
      "cagr": 0.22896564294548227,
      "sharpe": 0.7631888193977504,
      "maxdd": -0.4147125864796859,
      "oos_cagr": 0.031306499072413674,
      "oos_sharpe": 0.25342491603428025
    },
    "blendAI": {
      "cagr": 0.2488427809068865,
      "sharpe": 1.0178059715058034,
      "maxdd": -0.2763168404111216,
      "oos_cagr": -0.02365128984280951,
      "oos_sharpe": 0.023125508053749008
    },
    "pureAI": {
      "cagr": 0.28172384987048593,
      "sharpe": 0.7541370361400735,
      "maxdd": -0.7046887727206842,
      "oos_cagr": -0.09061568639117157,
      "oos_sharpe": 0.04244854361342573
    },
    "pureAI_lf": {
      "cagr": 0.3399496486417053,
      "sharpe": 0.8231876850850074,
      "maxdd": -0.5631000791876664,
      "oos_cagr": 0.004935773239080898,
      "oos_sharpe": 0.27078080632770896
    }
  },
  "SOL": {
    "buyhold": {
      "cagr": 0.6676951270608076,
      "sharpe": 1.0151573582766609,
      "maxdd": -0.9626992725584275,
      "oos_cagr": -0.3730811183818733,
      "oos_sharpe": -0.29398366976608803
    },
    "baseline": {
      "cagr": 0.740012320089179,
      "sharpe": 1.3390342775191135,
      "maxdd": -0.46578237711146586,
      "oos_cagr": -0.09213270669321283,
      "oos_sharpe": -0.1535780879064022
    },
    "blendAI": {
      "cagr": 0.8065702750679471,
      "sharpe": 1.5678720837976636,
      "maxdd": -0.48770004192962035,
      "oos_cagr": -0.05087529011993941,
      "oos_sharpe": -0.11452328712221375
    },
    "pureAI": {
      "cagr": 0.9007671013613214,
      "sharpe": 1.3293537762771,
      "maxdd": -0.6032649886614976,
      "oos_cagr": -0.10790677632602252,
      "oos_sharpe": -0.04254628308083549
    },
    "pureAI_lf": {
      "cagr": 0.5474518280152152,
      "sharpe": 1.0049412808845624,
      "maxdd": -0.7198165745204617,
      "oos_cagr": 0.16584812146757755,
      "oos_sharpe": 0.5549619339461614
    }
  },
  "BNB": {
    "buyhold": {
      "cagr": 0.9963650030798388,
      "sharpe": 1.1770993311285158,
      "maxdd": -0.8001769911504425,
      "oos_cagr": 0.012445318138053274,
      "oos_sharpe": 0.28114652794986184
    },
    "baseline": {
      "cagr": 0.31996037878135564,
      "sharpe": 0.8905460138778863,
      "maxdd": -0.6264179920413903,
      "oos_cagr": 0.02921545137238546,
      "oos_sharpe": 0.24203085647680975
    },
    "blendAI": {
      "cagr": 0.3832784616365079,
      "sharpe": 1.176926355338427,
      "maxdd": -0.3157493117594561,
      "oos_cagr": 0.10701482572910526,
      "oos_sharpe": 0.5841884217735211
    },
    "pureAI": {
      "cagr": 0.7771506553447045,
      "sharpe": 1.3427964866818207,
      "maxdd": -0.5137343758191131,
      "oos_cagr": 0.10138924690206808,
      "oos_sharpe": 0.5125135777861979
    },
    "pureAI_lf": {
      "cagr": 0.5526866922866109,
      "sharpe": 1.1214481407213575,
      "maxdd": -0.6489792697317747,
      "oos_cagr": 0.18120704259822884,
      "oos_sharpe": 0.7153671604375232
    }
  },
  "ADA": {
    "buyhold": {
      "cagr": -0.04431685420759757,
      "sharpe": 0.4493006532241621,
      "maxdd": -0.9471679028995278,
      "oos_cagr": -0.3626455005614039,
      "oos_sharpe": 0.05654932739093438
    },
    "baseline": {
      "cagr": 0.34907670415086134,
      "sharpe": 0.9098826034779518,
      "maxdd": -0.5778971978634804,
      "oos_cagr": -0.12460608483842683,
      "oos_sharpe": -0.11326113978665862
    },
    "blendAI": {
      "cagr": 0.43415487006001463,
      "sharpe": 1.1845882598610353,
      "maxdd": -0.5075241006938283,
      "oos_cagr": -0.05868527454550709,
      "oos_sharpe": -0.03560436725550252
    },
    "pureAI": {
      "cagr": 0.5113202144936324,
      "sharpe": 1.025762292694728,
      "maxdd": -0.6983754996589828,
      "oos_cagr": -0.05993828990488281,
      "oos_sharpe": 0.14887435812646885
    },
    "pureAI_lf": {
      "cagr": 0.9280390916279209,
      "sharpe": 1.4059068442535931,
      "maxdd": -0.5603473888214339,
      "oos_cagr": 0.12444704323534306,
      "oos_sharpe": 0.4843362945766965
    }
  },
  "XRP": {
    "buyhold": {
      "cagr": 0.02899204224707641,
      "sharpe": 0.5133767412580087,
      "maxdd": -0.8499224634470538,
      "oos_cagr": 0.6181311171565695,
      "oos_sharpe": 0.970515889113283
    },
    "baseline": {
      "cagr": 0.1860974292064843,
      "sharpe": 0.5940688325108394,
      "maxdd": -0.5221111184941729,
      "oos_cagr": 0.7818462941251341,
      "oos_sharpe": 1.3851920301686569
    },
    "blendAI": {
      "cagr": 0.33025638065008267,
      "sharpe": 0.9595314219961916,
      "maxdd": -0.35913878296883983,
      "oos_cagr": 0.6792439092434259,
      "oos_sharpe": 1.3550766544524215
    },
    "pureAI": {
      "cagr": 0.5450202896206351,
      "sharpe": 1.0378054681833724,
      "maxdd": -0.43683655849554837,
      "oos_cagr": 0.7814374147865979,
      "oos_sharpe": 1.353947862791133
    },
    "pureAI_lf": {
      "cagr": 1.0999690237620454,
      "sharpe": 1.4028133100405595,
      "maxdd": -0.4808590361767273,
      "oos_cagr": 0.9054703241643047,
      "oos_sharpe": 1.3078313780477417
    }
  },
  "DOGE": {
    "buyhold": {
      "cagr": 0.5613027595062525,
      "sharpe": 0.7502769806834991,
      "maxdd": -0.9233133281145807,
      "oos_cagr": -0.6414149673383989,
      "oos_sharpe": -0.7672653267454127
    },
    "baseline": {
      "cagr": 0.6914232536221347,
      "sharpe": 0.7338468903581291,
      "maxdd": -0.6538247829817045,
      "oos_cagr": -0.3098787342463254,
      "oos_sharpe": -0.861878739022981
    },
    "blendAI": {
      "cagr": 0.8025968416205331,
      "sharpe": 0.7458572609937087,
      "maxdd": -0.5242492157885432,
      "oos_cagr": -0.3010549294712932,
      "oos_sharpe": -1.0478208247899674
    },
    "pureAI": {
      "cagr": 1.1445839436872869,
      "sharpe": 0.8520709009767257,
      "maxdd": -0.5463966727891756,
      "oos_cagr": -0.3930109865714503,
      "oos_sharpe": -0.5249558633609281
    },
    "pureAI_lf": {
      "cagr": 1.4495756455132374,
      "sharpe": 0.8954628570734787,
      "maxdd": -0.6282949616282953,
      "oos_cagr": -0.23745306359088658,
      "oos_sharpe": -0.10428916155606778
    }
  }
}