{
  "loss": "corr",
  "best_epoch": 1,
  "best_val_loss": 0.6304160729050636,
  "per_coin_val_corr": {
    "BTC": 0.5432219142540107,
    "ETH": 0.6107292708119257,
    "SOL": 0.23648196790072262,
    "BNB": 0.3399493779651288,
    "ADA": 0.3055113753383321,
    "XRP": 0.27467943378563714,
    "DOGE": 0.2728400846763221
  },
  "mean_per_coin": 0.3690590606760113
}